timestamp,session_id,cycle_id,contract_ref,agent_id,tokens_or_runtime,status,notes
2026-01-24T13:24:47Z,session-001,bootstrap-components-20260124,process.contract,copilot,0min,in-progress,Resuming component development after 3-month break. 8 components completed. TODO: Navbar form dropdown ButtonGroup-flush-fix
2026-01-24T14:16:43Z,session-001,bootstrap-components-20260124,process.contract,copilot,15min,completed,Nav component: TSX with variants(tabs/pills/underline) alignment layout fill dropdowns + stories + SCSS vars
2026-01-24T14:23:58Z,session-001,bootstrap-components-20260124,process.contract,copilot,10min,completed,Collapse component: TSX with show/horizontal props + CollapseToggle helper + events + stories
2026-01-24T14:35:12Z,session-001,bootstrap-components-20260124,process.contract,copilot,12min,completed,Navbar component: Full suite with Navbar/NavbarBrand/NavbarToggler/NavbarCollapse/NavbarNav/NavbarText/NavbarForm/SimpleNavbar + 14 stories + SCSS vars
2026-01-24T14:36:00Z,session-001,bootstrap-components-20260124,process.contract,copilot,2min,completed,Reorganized folder structure: moved all components from src/components to src/bootstrap
2026-01-24T14:52:18Z,session-001,bootstrap-components-20260124,process.contract,copilot,15min,completed,Modal component: Modal/ModalHeader/ModalTitle/ModalBody/ModalFooter/ModalTrigger + sizes/fullscreen/centered/scrollable/staticBackdrop + controlled mode + 13 stories
2026-01-24T15:05:22Z,session-001,bootstrap-components-20260124,process.contract,copilot,12min,completed,Offcanvas component: Offcanvas/OffcanvasHeader/OffcanvasTitle/OffcanvasBody/OffcanvasTrigger + placements/responsive/scroll/backdrop + 14 stories
2026-01-24T15:18:45Z,session-001,bootstrap-components-20260124,process.contract,copilot,10min,completed,Toast component: Toast/ToastHeader/ToastBody/ToastContainer/SimpleToast + autohide/delay/placements/stacking/colorSchemes + 12 stories
2026-01-24T15:28:00Z,session-001,bootstrap-components-20260124,process.contract,copilot,10min,completed,Tabs component: Tabs + TabList/TabButton/TabContent/TabPanel building blocks + variants/fill/justified/vertical/fade + controlled mode + 14 stories
2026-01-24T15:35:00Z,session-001,bootstrap-components-20260124,process.contract,copilot,8min,completed,Progress component: Progress/ProgressBar/SimpleProgress + variants/striped/animated/stacked/labels/heights + 17 stories
2026-01-24T15:42:00Z,session-001,bootstrap-components-20260124,process.contract,copilot,8min,completed,Spinner component: Spinner/SpinnerButton/LoadingOverlay + types(border/grow)/variants/sizes/custom + 18 stories
2026-01-24T15:50:00Z,session-001,bootstrap-components-20260124,process.contract,copilot,8min,completed,ListGroup component: ListGroup/ListGroupItem/SimpleListGroup/ListGroupItemContent + variants/flush/numbered/horizontal + 20 stories
2026-01-24T15:58:00Z,session-001,bootstrap-components-20260124,process.contract,copilot,8min,completed,Pagination component: Pagination/PaginationItem/PaginationLink/PaginationPrev/Next/First/Last/Ellipsis/SimplePagination + sizes/alignment + 20 stories
2026-01-24T16:10:00Z,session-001,bootstrap-components-20260124,process.contract,copilot,12min,completed,Tooltip component: Tooltip/TooltipTrigger + useTooltip hook (separate file) + placements/triggers/delays/html/customClass + 19 stories
2026-01-24T16:20:00Z,session-001,bootstrap-components-20260124,process.contract,copilot,10min,completed,Popover component: Popover/PopoverTrigger + usePopover hook (separate file) + title+content/placements/triggers/html/customClass + 19 stories
2026-01-24T16:35:00Z,session-001,bootstrap-components-20260124,process.contract,copilot,15min,completed,Carousel component: Carousel/CarouselItem/CarouselCaption/SimpleCarousel + useCarousel hook + ride/interval/fade/dark/controls/indicators + 20 stories
2026-01-24T16:50:00Z,session-001,bootstrap-components-20260124,process.contract,copilot,15min,completed,Scrollspy component: Scrollspy/ScrollspySection/ScrollspyNav/SimpleScrollspy + useScrollspy hook + rootMargin/smoothScroll/events + 13 stories
2026-01-24T17:05:00Z,session-001,bootstrap-components-20260124,process.contract,copilot,15min,completed,Placeholder component: Placeholder/PlaceholderWrapper/PlaceholderButton/PlaceholderCard/PlaceholderText/PlaceholderImage/PlaceholderAvatar/PlaceholderListItem/PlaceholderTable + glow/wave animations + 20 stories
2026-01-27T00:00:00Z,session-001,bootstrap-components-20260124,process.contract,copilot,0min,cycle-complete,Cycle completed: 17 new components added (Nav Collapse Navbar Modal Offcanvas Toast Tabs Progress Spinner ListGroup Pagination Tooltip Popover Carousel Scrollspy Placeholder). Total 25 components.
2026-01-27T00:00:01Z,session-002,component-fixes-20260127,process.contract,copilot,0min,in-progress,New cycle started: Focus on missing component states and dark mode updates. Items: ButtonGroup dropdown flush ButtonGroup states dark mode refinements.
2026-01-27T00:01:00Z,session-002,component-fixes-20260127,process.contract,copilot,15min,completed,Accordion component refactored: Added compound components (AccordionItem/Header/Button/Collapse/Body) + alwaysOpen prop + multiple defaultOpen + className props + useId hook + SimpleAccordion wrapper + 11 stories
2026-01-27T00:02:00Z,session-002,component-fixes-20260127,process.contract,copilot,10min,completed,Alert component refactored: Added AlertHeading/AlertLink building blocks + Bootstrap JS events (onClose/onClosed) + show/fade props + SimpleAlert wrapper + 14 stories
2026-01-27T00:03:00Z,session-002,component-fixes-20260127,process.contract,copilot,8min,completed,Badge component refactored: Added PositionedBadge/NotificationDot components + as prop for polymorphism + position prop (top-end/start/bottom-end/start) + visuallyHiddenText for a11y + 16 stories
2026-01-27T00:04:00Z,session-002,component-fixes-20260127,process.contract,copilot,8min,completed,Breadcrumb component refactored: Added Breadcrumb/BreadcrumbItem building blocks + divider prop + listClassName + SimpleBreadcrumb wrapper + icon support + 12 stories
2026-01-27T00:05:00Z,session-002,component-fixes-20260127,process.contract,copilot,10min,completed,Button component refactored: Added LinkButton/IconButton/CloseButton + loading state with spinner + active/toggle props + loadingText + iconOnly mode + 22 stories
2026-01-27T00:06:00Z,session-002,component-fixes-20260127,process.contract,copilot,10min,completed,ButtonGroup component refactored: Added ButtonToolbar/ToggleButtonGroup + checkbox/radio toggle support + controlled mode + disabled options + vertical toggle + 18 stories
